{"cameraMode":{"drawMode":0,"name":"Shaded","section":"Shading Mode"},"sceneLighting":true,"audioPlay":false,"sceneViewState":{"m_AlwaysRefresh":false,"showFog":true,"showSkybox":false,"showFlares":true,"showImageEffects":true,"showParticleSystems":true,"showVisualEffectGraphs":true,"m_FxEnabled":true},"in2DMode":false,"pivot":{"x":-0.9765640497207642,"y":-0.21922063827514649,"z":-3.9073619842529299},"rotation":{"x":-0.13286612927913667,"y":0.08966896682977677,"z":-0.01206175610423088,"w":-0.9870091080665588},"size":12.446911811828614,"orthographic":false}